epoch,accuracy_score,balanced_accuracy,roc_score,precision,recall,loss
0,0.8844036697247707,0.8324448625483433,0.8324448625483432,0.9727527687177828,0.8844036697247707,0.96002704
1,0.9100917431192661,0.8456151353611372,0.8456151353611372,0.9738436254358486,0.9100917431192661,0.81255466
2,0.9412844036697248,0.8435594578586112,0.8435594578586113,0.9749242923138247,0.9412844036697248,0.7583674
3,0.955045871559633,0.8506149611511794,0.8506149611511794,0.9765792207074365,0.955045871559633,0.73256487
4,0.9394495412844037,0.8426187240862688,0.8426187240862687,0.974748076580906,0.9394495412844037,0.70710045
5,0.6798165137614679,0.4748789240793003,0.4748789240793004,0.9498772601172949,0.6798165137614679,0.68934244
6,0.936697247706422,0.8412076234277551,0.8412076234277551,0.9744985517515726,0.936697247706422,0.74847347
7,0.9311926605504587,0.8383854221107279,0.8383854221107278,0.9740460696621771,0.9311926605504587,0.70977914
