epoch,accuracy_score,balanced_accuracy,roc_score,precision,recall,loss
0,0.669374492282697,0.6573824245830991,0.6573824245830991,0.9469609009918885,0.669374492282697,1.1445107
1,0.9626320064987814,0.6385422522016113,0.6385422522016113,0.9554387262244366,0.9626320064987814,0.9997486
2,0.7961007311129163,0.6055649241146712,0.6055649241146711,0.939861046044424,0.7961007311129163,0.9587252
3,0.892770105605199,0.6236649803260258,0.6236649803260258,0.9421854362809666,0.892770105605199,0.94606304
4,0.9057676685621446,0.6410998688401723,0.6410998688401723,0.9443534983837231,0.9057676685621446,0.9411942
5,0.8846466287571081,0.6515177065767286,0.6515177065767285,0.944700480209326,0.8846466287571081,0.9437594
6,0.9114541023558083,0.6547404909124976,0.6547404909124976,0.9459758939478977,0.9114541023558083,0.91443026
7,0.8822095857026807,0.6609424770470301,0.6609424770470301,0.9455592139225,0.8822095857026807,0.9125343
8,0.8887083671811535,0.6643151583286491,0.6643151583286491,0.9460354646264952,0.8887083671811535,0.89540666
